tokenId,owner,yETHBalance,yETHxBalance
0,0x21d446fb59466800B44143e821ab07D4f28f8D1a,0,0
1,0x425d16B0e08a28A3Ff9e4404AE99D78C0a076C5A,0,0
2,0x0035Fc5208eF989c28d47e552E92b0C507D2B318,0,0
3,0x4702D39c499236A43654c54783c3f24830E247dC,0,0
4,0x68011367F4a38a2478c7B02e78E5775F2D0BCf46,0,0
5,0x2247e9b5Accd54c7B8BB7b2462ed3010007eeD64,0,0
6,0x639D62aD54a526D9E77831E00Eea371d44f78878,0,0
7,0x48C26fADfeFbE063b1773aF4732565bcB55Adc64,0,0
8,0x55F5843236D2e95E68E58cB05a43a09fa7745657,0,0
9,0xF0Ee04aF67809247ef194443E388e42933279Ef3,0,0
10,0x348B3ccAC1F8B763b19E91f5fBA71B85Dc305655,0.000170892341941254,0
11,0x7326d9e1e07991bF1e90C2455f496fAC3234De0C,0,0
12,0x58D6747Df97Ef9cDAD836De1029d7EF1f62F14A2,0,0
13,0xf8Ed473803bC8D7d9Ea5edbFe79487198B7Ee0FD,0,0
14,0xc9645A47E927400B68fA169CF8E9DFDF3e3FFDFA,0,0
15,0x0dAE2421e6Ad3B4C5dEA80C8EB94499679BaE823,0.001,0
16,0xb0e83C2D71A991017e0116d58c5765Abc57384af,0,0
17,0x73Eb240a06f0e0747C698A219462059be6AacCc8,0,0
18,0xC780F5C7eb59614646f78d0902527690BD16D921,0,0
19,0xb3DF5271b92e9fD2fed137253BB4611285923f16,0,0
20,0xAdE9e51C9E23d64E538A7A38656B78aB6Bcc349e,0,0
21,0xc0788916F5dA010E6678D14F0618Cd651823F450,0,0
22,0xD28a4c5B3685e5948d8A57f124669eafB69F05Bb,0,0
23,0x009d13E9bEC94Bf16791098CE4E5C168D27A9f07,0,0
24,0x090E1Fdc0CB866317751F0621884a203a8d797aa,0,0
25,0x765078e631EfC704EB5674866a7dCc06828E5C29,0,0
26,0xC8Be49a9b1ca1A1cc654491a7cBbD27aBfA06A81,0,0
27,0x40F29A3185A8f541310F15B3d09957809B2Ca1B9,0,0
28,0x73Eb240a06f0e0747C698A219462059be6AacCc8,0,0
29,0xa25547A556439213176f9FECec50acc863305f59,0,0
30,0x124f00837680245934b97D600F5e7144656482c1,0,0
31,0x73Eb240a06f0e0747C698A219462059be6AacCc8,0,0
32,0xbA22746D79E75931DD8C0336760332E5D4a372a5,0,0
33,0x71F718D3e4d1449D1502A6A7595eb84eBcCB1683,0,0
34,0xb9756116b6316C81915D7B85179Eef63a9793897,0,0
35,0xE10De56A61BC036fD58a497Af534D00C5B6D64a8,0,0
36,0x73Eb240a06f0e0747C698A219462059be6AacCc8,0,0
37,0x7beae16328d9e269f594B90fC0471e34fD96039E,0,0
38,0xA12aC5088dE5c394505D3dEd4c2B5f2A81858753,0,0
39,0x7326d9e1e07991bF1e90C2455f496fAC3234De0C,0,0
40,0x73Eb240a06f0e0747C698A219462059be6AacCc8,0,0
41,0x70CCBE10F980d80b7eBaab7D2E3A73e87D67B775,0,0
42,0x14b1b3fF91525Dd00E8fb8Ce000097ce7d1Cb251,0,0
43,0x34d6Dbd097f6b739C59D7467779549Aea60e1F84,0,0
44,0x0E07D202984A878333DA0546a45B4fE0BEe95960,0,0
45,0x654Fb39E9D11b5512055720A16e2Eda2a158Cc60,0,0
46,0xC421E0d5aC5Df6D783dD5b2F021Dc98e3dE6a4a4,0,0
47,0x02d489Cfdf7B406630263Ed659c0E0449c6C1C0C,0,0
48,0xf7Bd34Dd44B92fB2f9C3D2e31aAAd06570a853A6,0.001,0
49,0xC2D201037bDF8F7fe905F1073106Bf4385b65A6f,0.002891944049699781,0
50,0xDAa094A0Ed166FeDF8a0a4310f3F74a1e96F9195,0,0
51,0xAAc0aa431c237C2C0B5f041c8e59B3f1a43aC78F,0,0
52,0xe6882e6093a69c47FC21426c2DFdB4A08eB2dEC8,0,0
53,0x73Eb240a06f0e0747C698A219462059be6AacCc8,0,0
54,0xE6DA683076b7eD6ce7eC972f21Eb8F91e9137a17,0,0
55,0x1C277bD41A276F87D3E92bccD50c7364aa2FFc69,0,0
56,0xE9d10F9556B3e7c0e049Ae09e38aEf973BDF8FaC,0,0
57,0x73Eb240a06f0e0747C698A219462059be6AacCc8,0,0
58,0x0b98718264cA14d0A17C145FfE1e4F3c38a39372,0,0
59,0x73Eb240a06f0e0747C698A219462059be6AacCc8,0,0
60,0x73Eb240a06f0e0747C698A219462059be6AacCc8,0,0
61,0xA5564d22c8b18015Fd1A73f4A0665cD67396cDc0,0,0
62,0x2247e9b5Accd54c7B8BB7b2462ed3010007eeD64,0,0
63,0x4dAf8ce9D729ca4F121381ec4B22123627C1C004,0,0
64,0x2247e9b5Accd54c7B8BB7b2462ed3010007eeD64,0,0
65,0x2247e9b5Accd54c7B8BB7b2462ed3010007eeD64,0,0
66,0x55F5843236D2e95E68E58cB05a43a09fa7745657,0,0
67,0x55F5843236D2e95E68E58cB05a43a09fa7745657,0,0
68,0x55F5843236D2e95E68E58cB05a43a09fa7745657,0,0
69,0x55F5843236D2e95E68E58cB05a43a09fa7745657,0,0
70,0x48C26fADfeFbE063b1773aF4732565bcB55Adc64,0,0
71,0xA742A54E0b9Cd1Cac03c8F569bA4C606694261f9,0,0
72,0x4Db01E01782c4aF89586f5052592b5Fa89dE259F,0,0
73,0x4Db01E01782c4aF89586f5052592b5Fa89dE259F,0,0
74,0xCF4b8bB80E3a01D79b41482B0485F4576cA7B983,0,0
75,0xCF4b8bB80E3a01D79b41482B0485F4576cA7B983,0,0
76,0xC780F5C7eb59614646f78d0902527690BD16D921,0,0
77,0xC780F5C7eb59614646f78d0902527690BD16D921,0,0
78,0xF9809ce9761FfABE887C4758E045a6a21e627dBc,0,0
79,0xB21731D830b7e8460E5D6c66Dc1CcC0A5D0A6B87,0,0
80,0x48C26fADfeFbE063b1773aF4732565bcB55Adc64,0,0
81,0x02fEb744cA516FD6E41D940Ae2d0F7Cb6FCB1ac3,0,0
82,0x4Db01E01782c4aF89586f5052592b5Fa89dE259F,0,0
83,0x348B3ccAC1F8B763b19E91f5fBA71B85Dc305655,0.000170892341941254,0
84,0x4Db01E01782c4aF89586f5052592b5Fa89dE259F,0,0
85,0x348B3ccAC1F8B763b19E91f5fBA71B85Dc305655,0.000170892341941254,0
86,0x3fbc50025842393d789769fF580981d6d98E269B,0,0
87,0x5E827635F1cf30cAC8AB562f801Ce3CfE15A12D3,0,0
88,0x3D7EbE72E6C787434d98846516BB9ab7Fa160EbF,0,0
89,0x2E7a139A3800d78e9A23d44dA2c40a9AA78D6D59,0.009794535278484078,0
90,0xA12aC5088dE5c394505D3dEd4c2B5f2A81858753,0,0
91,0xA12aC5088dE5c394505D3dEd4c2B5f2A81858753,0,0
92,0xA12aC5088dE5c394505D3dEd4c2B5f2A81858753,0,0
93,0xA12aC5088dE5c394505D3dEd4c2B5f2A81858753,0,0
94,0xd9D2E1889ebBDac281732B923ABd762C700DD26F,0,0
95,0x36bFF079a4532C2F818a65c6ad208cEA587417e7,0,0
96,0xD2e1BdD5Fb6177Ca4ab9f31f3442c0aadE020F71,0,0
97,0xd7dE33E423662093dceA634866d245FDbc414Ceb,0,0
98,0x02984E409a3270DB46FeDBA6b2E23A60E6D13b62,0,0
99,0xB577517FB7A0A174551d6933c7Ff2F0EEA3004b6,0,0
100,0xccBF601eB2f5AA2D5d68b069610da6F1627D485d,0,0
101,0xC1BD21eCd832ef3c3b1a393a0D66dD2B92c0a944,0,0
102,0xb82bE987cF6f25d0F040Ca4567e3dacb4b92Aa91,0,0
103,0xda51A9b56d69A194083025eAc9c4c24452848e01,0,0
104,0xd6f631C796a56A5d448Dd88a01f15058c4A0Be52,0,0
105,0x172DE57f1be25d64E6D8d078B6779237126ecd13,0.022863617402832333,0
106,0x2f5c8E25518F06254DB95eFA4282AF516E310D08,0,0
107,0xE6DA683076b7eD6ce7eC972f21Eb8F91e9137a17,0,0
108,0xDd431129ad3520c4be1C2173Dc799815D0b8EE21,0,0
109,0xf8Ed473803bC8D7d9Ea5edbFe79487198B7Ee0FD,0,0
110,0x21d446fb59466800B44143e821ab07D4f28f8D1a,0,0
111,0x3d5AD53df00967702B4f5135f360c1c3DB433579,0,0
112,0x511432a0Ca35EA7a3874290872333b8b719280FC,0,0
113,0xac844ADA82F3d0241533d827ebF84deb89617792,0,0
114,0x68011367F4a38a2478c7B02e78E5775F2D0BCf46,0,0
115,0x73Eb240a06f0e0747C698A219462059be6AacCc8,0,0
116,0x73Eb240a06f0e0747C698A219462059be6AacCc8,0,0
117,0x73Eb240a06f0e0747C698A219462059be6AacCc8,0,0
118,0x73Eb240a06f0e0747C698A219462059be6AacCc8,0,0
119,0x73Eb240a06f0e0747C698A219462059be6AacCc8,0,0
120,0x73Eb240a06f0e0747C698A219462059be6AacCc8,0,0
121,0x73Eb240a06f0e0747C698A219462059be6AacCc8,0,0
122,0x56376d75943EEB7405285E0ba37C26897dc17037,0,0
123,0x73Eb240a06f0e0747C698A219462059be6AacCc8,0,0
124,0x73Eb240a06f0e0747C698A219462059be6AacCc8,0,0
125,0x73Eb240a06f0e0747C698A219462059be6AacCc8,0,0
126,0x73Eb240a06f0e0747C698A219462059be6AacCc8,0,0
127,0x73Eb240a06f0e0747C698A219462059be6AacCc8,0,0
128,0x73Eb240a06f0e0747C698A219462059be6AacCc8,0,0
129,0x73Eb240a06f0e0747C698A219462059be6AacCc8,0,0
130,0x73Eb240a06f0e0747C698A219462059be6AacCc8,0,0
131,0x73Eb240a06f0e0747C698A219462059be6AacCc8,0,0
132,0x73Eb240a06f0e0747C698A219462059be6AacCc8,0,0
133,0x73Eb240a06f0e0747C698A219462059be6AacCc8,0,0
134,0x73Eb240a06f0e0747C698A219462059be6AacCc8,0,0
135,0x73Eb240a06f0e0747C698A219462059be6AacCc8,0,0
136,0x73Eb240a06f0e0747C698A219462059be6AacCc8,0,0
137,0x73Eb240a06f0e0747C698A219462059be6AacCc8,0,0
138,0x73Eb240a06f0e0747C698A219462059be6AacCc8,0,0
139,0x73Eb240a06f0e0747C698A219462059be6AacCc8,0,0
140,0x73Eb240a06f0e0747C698A219462059be6AacCc8,0,0
141,0x73Eb240a06f0e0747C698A219462059be6AacCc8,0,0
142,0x73Eb240a06f0e0747C698A219462059be6AacCc8,0,0
143,0x73Eb240a06f0e0747C698A219462059be6AacCc8,0,0
144,0x73Eb240a06f0e0747C698A219462059be6AacCc8,0,0
145,0x73Eb240a06f0e0747C698A219462059be6AacCc8,0,0
146,0x73Eb240a06f0e0747C698A219462059be6AacCc8,0,0
147,0x73Eb240a06f0e0747C698A219462059be6AacCc8,0,0
148,0x73Eb240a06f0e0747C698A219462059be6AacCc8,0,0
149,0x73Eb240a06f0e0747C698A219462059be6AacCc8,0,0
150,0x73Eb240a06f0e0747C698A219462059be6AacCc8,0,0
151,0x73Eb240a06f0e0747C698A219462059be6AacCc8,0,0
152,0x73Eb240a06f0e0747C698A219462059be6AacCc8,0,0
153,0x73Eb240a06f0e0747C698A219462059be6AacCc8,0,0
154,0x73Eb240a06f0e0747C698A219462059be6AacCc8,0,0
155,0x73Eb240a06f0e0747C698A219462059be6AacCc8,0,0
156,0x73Eb240a06f0e0747C698A219462059be6AacCc8,0,0
157,0x73Eb240a06f0e0747C698A219462059be6AacCc8,0,0
158,0x73Eb240a06f0e0747C698A219462059be6AacCc8,0,0
159,0x73Eb240a06f0e0747C698A219462059be6AacCc8,0,0
160,0x73Eb240a06f0e0747C698A219462059be6AacCc8,0,0
161,0x73Eb240a06f0e0747C698A219462059be6AacCc8,0,0
162,0x73Eb240a06f0e0747C698A219462059be6AacCc8,0,0
163,0x73Eb240a06f0e0747C698A219462059be6AacCc8,0,0
164,0x73Eb240a06f0e0747C698A219462059be6AacCc8,0,0
165,0x73Eb240a06f0e0747C698A219462059be6AacCc8,0,0
166,0x73Eb240a06f0e0747C698A219462059be6AacCc8,0,0
167,0x73Eb240a06f0e0747C698A219462059be6AacCc8,0,0
168,0x73Eb240a06f0e0747C698A219462059be6AacCc8,0,0
169,0x73Eb240a06f0e0747C698A219462059be6AacCc8,0,0
170,0x73Eb240a06f0e0747C698A219462059be6AacCc8,0,0
171,0x73Eb240a06f0e0747C698A219462059be6AacCc8,0,0
172,0x73Eb240a06f0e0747C698A219462059be6AacCc8,0,0
173,0x73Eb240a06f0e0747C698A219462059be6AacCc8,0,0
174,0x73Eb240a06f0e0747C698A219462059be6AacCc8,0,0
175,0x73Eb240a06f0e0747C698A219462059be6AacCc8,0,0
176,0x73Eb240a06f0e0747C698A219462059be6AacCc8,0,0
177,0x73Eb240a06f0e0747C698A219462059be6AacCc8,0,0
178,0x73Eb240a06f0e0747C698A219462059be6AacCc8,0,0
179,0x73Eb240a06f0e0747C698A219462059be6AacCc8,0,0
180,0x73Eb240a06f0e0747C698A219462059be6AacCc8,0,0
181,0x73Eb240a06f0e0747C698A219462059be6AacCc8,0,0
182,0x73Eb240a06f0e0747C698A219462059be6AacCc8,0,0
183,0x73Eb240a06f0e0747C698A219462059be6AacCc8,0,0
184,0x73Eb240a06f0e0747C698A219462059be6AacCc8,0,0
185,0x73Eb240a06f0e0747C698A219462059be6AacCc8,0,0
186,0x73Eb240a06f0e0747C698A219462059be6AacCc8,0,0
187,0x73Eb240a06f0e0747C698A219462059be6AacCc8,0,0
188,0x73Eb240a06f0e0747C698A219462059be6AacCc8,0,0
189,0x73Eb240a06f0e0747C698A219462059be6AacCc8,0,0
190,0x73Eb240a06f0e0747C698A219462059be6AacCc8,0,0
191,0x73Eb240a06f0e0747C698A219462059be6AacCc8,0,0
192,0x73Eb240a06f0e0747C698A219462059be6AacCc8,0,0
193,0x73Eb240a06f0e0747C698A219462059be6AacCc8,0,0
194,0x73Eb240a06f0e0747C698A219462059be6AacCc8,0,0
195,0x73Eb240a06f0e0747C698A219462059be6AacCc8,0,0
196,0x73Eb240a06f0e0747C698A219462059be6AacCc8,0,0
197,0x73Eb240a06f0e0747C698A219462059be6AacCc8,0,0
198,0x73Eb240a06f0e0747C698A219462059be6AacCc8,0,0
199,0x73Eb240a06f0e0747C698A219462059be6AacCc8,0,0
200,0x73Eb240a06f0e0747C698A219462059be6AacCc8,0,0
201,0x73Eb240a06f0e0747C698A219462059be6AacCc8,0,0
202,0x73Eb240a06f0e0747C698A219462059be6AacCc8,0,0
203,0x73Eb240a06f0e0747C698A219462059be6AacCc8,0,0
204,0x73Eb240a06f0e0747C698A219462059be6AacCc8,0,0
205,0x73Eb240a06f0e0747C698A219462059be6AacCc8,0,0
206,0x73Eb240a06f0e0747C698A219462059be6AacCc8,0,0
207,0x73Eb240a06f0e0747C698A219462059be6AacCc8,0,0
208,0x73Eb240a06f0e0747C698A219462059be6AacCc8,0,0
209,0x73Eb240a06f0e0747C698A219462059be6AacCc8,0,0
210,0x73Eb240a06f0e0747C698A219462059be6AacCc8,0,0
211,0x73Eb240a06f0e0747C698A219462059be6AacCc8,0,0
212,0x73Eb240a06f0e0747C698A219462059be6AacCc8,0,0
213,0x73Eb240a06f0e0747C698A219462059be6AacCc8,0,0
214,0x73Eb240a06f0e0747C698A219462059be6AacCc8,0,0
215,0x73Eb240a06f0e0747C698A219462059be6AacCc8,0,0
216,0x73Eb240a06f0e0747C698A219462059be6AacCc8,0,0
217,0x73Eb240a06f0e0747C698A219462059be6AacCc8,0,0
218,0x73Eb240a06f0e0747C698A219462059be6AacCc8,0,0
219,0x73Eb240a06f0e0747C698A219462059be6AacCc8,0,0
220,0x73Eb240a06f0e0747C698A219462059be6AacCc8,0,0
221,0x73Eb240a06f0e0747C698A219462059be6AacCc8,0,0
222,0x73Eb240a06f0e0747C698A219462059be6AacCc8,0,0
223,0x73Eb240a06f0e0747C698A219462059be6AacCc8,0,0
224,0x73Eb240a06f0e0747C698A219462059be6AacCc8,0,0
225,0x73Eb240a06f0e0747C698A219462059be6AacCc8,0,0
226,0x73Eb240a06f0e0747C698A219462059be6AacCc8,0,0
227,0x73Eb240a06f0e0747C698A219462059be6AacCc8,0,0
228,0x73Eb240a06f0e0747C698A219462059be6AacCc8,0,0
229,0x73Eb240a06f0e0747C698A219462059be6AacCc8,0,0
230,0x73Eb240a06f0e0747C698A219462059be6AacCc8,0,0
231,0x73Eb240a06f0e0747C698A219462059be6AacCc8,0,0
232,0x73Eb240a06f0e0747C698A219462059be6AacCc8,0,0
233,0x73Eb240a06f0e0747C698A219462059be6AacCc8,0,0
234,0x73Eb240a06f0e0747C698A219462059be6AacCc8,0,0
235,0xAdE9e51C9E23d64E538A7A38656B78aB6Bcc349e,0,0
236,0x1AFa31717e3729E86535140C45C638E2ff7c2AF0,0,0
237,0x14e6b828AdB52153E5BF7C740A1a7312ef4B8711,0,0
238,0xAAc0aa431c237C2C0B5f041c8e59B3f1a43aC78F,0,0
239,0xAB51Bc7aa8636328E91bCC1B6bf701998fD3C581,0,0
240,0x3B27944505847cb14f3F2983638d082c8D9526d0,0,0.096960578557668029
241,0x9B87E1Fd164E70E6FA8c7fbEE5943C2532f7834B,0,0
242,0xAE63C95F7B569f58d676cd34d3D186b01eFE0Ac0,0.125081817004261825,0
243,0x2f18645dB6eB4D75371097eD56613DAB52e33759,0,0
244,0xc0F6bd9F0BE7E08b51f65B82fC95A19Df826F0fE,0,0
245,0x2218789BAFF037cb8D8A04E20c8C686D93250192,0,0
246,0x73Eb240a06f0e0747C698A219462059be6AacCc8,0,0
247,0xF9809ce9761FfABE887C4758E045a6a21e627dBc,0,0
248,0xA2451E7404B3e1811Dd06649DFd8f34D1C579Be0,0,0
249,0xf9E0F77Ee583bA9Ba04658381310C19C2a1B62b1,0,0.004839339109198062
250,0x889cE9c13dbD3C5DFBE6327432F5DD15bEDD206e,0,0.097033033354469094
251,0xbA3236c972F589118441c57c239C6AB73DA3a944,0,0
252,0x6260DC6bdCB72c7bCf3b31D51De7b7a1F585EcC4,0,0
253,0xE790e84EFe105a610Ec61D9d31edC07c2569F529,0,0
254,0x73Eb240a06f0e0747C698A219462059be6AacCc8,0,0
255,0xbD7D06Eaca983E6fd6C1a3700BAA78C3d4acf8da,0,0
256,0x5430cda23C13F9a104fBA9cE02b45B8684a9fA91,0,0
257,0xF33A8a6417218fb34a317B870440B0d5D5070062,0,0
258,0x33960796BAC9CDf2B766A5E93a789B7Bff07F67E,0,0
259,0x1DFd753D0b19b3F0c36A2a80808Cfb98affFa290,0,0
260,0x7326d9e1e07991bF1e90C2455f496fAC3234De0C,0,0
261,0x8e0b21D5647ad4eEeDe0510fFf1829161Bb167C3,0,0
262,0xe4f14C5d5Ede901243d6e8b3C0647Ac42c3319F1,0,0
263,0x8AB38A0B4410a1cbb1Aa6828Eb948F4942F21Fb9,0,0
264,0xAf9EB4f8F69C41cc260Dcaec145be88FB6b05C49,0,0
265,0xe7Cdd6583b674AF8d10b89899b134C41846dA0bf,0,0
266,0x0A4fC1B3308e763A6A322f38138748a781D5B576,0,0
267,0x7b73cd1e51cea643BC201c0c3599B596Fc8cc736,0,0
268,0xb62539ed64c28200430888450730CE93D6D5BCe8,0,0
269,0xC1BD21eCd832ef3c3b1a393a0D66dD2B92c0a944,0,0
270,0x6c459efC19c53F9dA79438BF788F6496Bdfc0868,0,0
271,0x73C59bB67775520E2783258cED7C50E4890b1E91,0,0
272,0x4CC25E0366c564847546f2feda3D7f0D9155B9ac,0,0
273,0xe90b76EB5a320628df1d9E5103c5421d31BB7743,0,0
274,0xA0AA45c41dd92A3AE0FCA91F3af3C14A8d9343bD,0,0
275,0xE2CDf066eEe46b2C424Dd1894b8aE33f153F533C,0,0
276,0xF4880975728EE25A96C701c225c9EF58Eebe5a5b,0,0
277,0x14b1b3fF91525Dd00E8fb8Ce000097ce7d1Cb251,0,0
278,0x51b0B7aB0aF8BA0E689299F00a733dE2F7080569,0,0
279,0x3A28AFB20EbB049541d553075a3ac54E18034aba,0,0
280,0xCA0073964efe7f9422CeB16901018b1DB0cC4785,0,2.297212836075076609
281,0xf9E0F77Ee583bA9Ba04658381310C19C2a1B62b1,0,0.004839339109198062
282,0xb3004F7d51bDc415dfA9A0BE791AB2bbcdF02621,0,0
283,0x889cE9c13dbD3C5DFBE6327432F5DD15bEDD206e,0,0.097033033354469094
284,0x0A4fC1B3308e763A6A322f38138748a781D5B576,0,0
285,0xE08Da0d972B74581EC77a3C988E47d6E56bfBB7d,0,0
286,0x7338afb07db145220849B04A45243956f20B14d9,0,0
287,0x41b289C60F14230944e3f88Dc11d7E127F7Fba40,0,0
288,0xd334533980C201c1b93e39bBE6bD1E04be5C0f5D,0.019347237496605683,0
289,0x19AaB2a57E925d6fA11ef73E17F4a10C69d85221,0,0
290,0x73Eb240a06f0e0747C698A219462059be6AacCc8,0,0
291,0xBa305585E47fC8778592e12bcC5dEC8ab0E1673D,0,0
292,0x14b1b3fF91525Dd00E8fb8Ce000097ce7d1Cb251,0,0
293,0xd87EcC6C74F486B044824a222326A96F696fCfA2,0,0
294,0x8f5e97E1E3d47A2f223a67e06de21F067B7779Db,0,0
295,0x873525B1B479431Bd713D59897218bfDC341c0Cf,0,0
296,0x037dFD569DeFBC08aE28001159b4c49f6d006cfF,0,0
297,0x24561DA338B34f2c5Ef49c4F0f0A98c66BB60460,0,5.648850518986702872
298,0x3d5AD53df00967702B4f5135f360c1c3DB433579,0,0
299,0x2CF70d98851fF4681d3CDe774191452ccC00029E,0,0
300,0x084cAF1bF60E49AeC07ec4148a3F1F0f57fD11eB,0,0
301,0xAdE9e51C9E23d64E538A7A38656B78aB6Bcc349e,0,0
302,0x201C59f0E15cCc48caB012525F16bE7A91A91b53,0,0
303,0x873525B1B479431Bd713D59897218bfDC341c0Cf,0,0
304,0x6ADCF08deaAf5913079707f923279ef4c6D5225e,0,0
305,0x4CC25E0366c564847546f2feda3D7f0D9155B9ac,0,0
306,0xC8076F60cbDd2EE93D54FCc0ced88095A72f4a2f,0,0
307,0x5D97f3a8Bb293f9561892091779ed6af0DF209c1,0,0
308,0x7c46713490E379f515A182d8a5a36deC9d99Be6A,0,0
309,0xd0A9c2A0fD3930E7972F2bdeA8dB1649aE167170,0,0
310,0x25C07436258De2e4aaa36aE33F5A410bBf1fC5d6,0,0
311,0xe6feBbF4f01AC76972BB942c851378dd013b6c5C,0,0
312,0xFFcFA5F7b994AEB4c6931e0A6Cd95d8984e038CE,5.035145325474339023,0
313,0xF9809ce9761FfABE887C4758E045a6a21e627dBc,0,0
314,0x94f9Aa3Da56c11466026D97BCbB5E9bC99D9609B,0,0
315,0x4a3891b38d78Dfa5f2fD0732aD22768886f43739,0,0
316,0x18709337A2C6a460550B4B1b98BcaEd8ea368842,0,0
317,0xCfc34220DAbd0afA999Db309d9789A463E344380,0,0
318,0xbf83Ce96835bb66eb074ad0Ec470DAD133448581,0,0.019392106487643384
319,0x9CE6E6B60C894d1DF9BC3D9D6cC969b79FB176B7,0,0
320,0xc42F0288C3FC3f74a19e6b4b73B420d7564C7d30,0,0
321,0xE4f8288e2e7EAee5AC51dc8A8270715156544246,0,0
322,0xfCC06F7F02f6ab02051F259Db4f82F20d8d02112,0,0
323,0xAdE9e51C9E23d64E538A7A38656B78aB6Bcc349e,0,0
324,0xF9809ce9761FfABE887C4758E045a6a21e627dBc,0,0
325,0x889cE9c13dbD3C5DFBE6327432F5DD15bEDD206e,0,0.097033033354469094
326,0x2d51FE498918e0aFf4315c7B8E7a9330C10298AD,0,0
327,0x889cE9c13dbD3C5DFBE6327432F5DD15bEDD206e,0,0.097033033354469094
328,0x30Cc4B46b714Ea05bE154E7D5e8C4fC3Bdb9E66A,0,0
329,0x32a59b87352e980dD6aB1bAF462696D28e63525D,0,0.50329126735659852
330,0x6b9E4F287d44cEa39Cd8CcEDAA42488617AA21A7,0,0
331,0xF9809ce9761FfABE887C4758E045a6a21e627dBc,0,0
332,0x500B404749C6BEA7a95fCfeb679EeaDB713aE8fA,0,0
333,0xe9cc16B79E7EA3Cbc8124aFB7b547826Bc3dca28,0,0
334,0x9f63D8C42CD762C36BB3a63a13fdC3b7EEefa853,0,0
335,0xac844ADA82F3d0241533d827ebF84deb89617792,0,0
336,0x90f68fF1c0c98e50BAf4b494dF90D05A580618e0,0,0
337,0x8CE17FF2c7376e9aDfe9C63C47a801097fA6C525,0,0
338,0x7BFEe91193d9Df2Ac0bFe90191D40F23c773C060,5.916449172169117123,0
339,0x2426A88410cc00428aa03439d262360ee7263645,0,0
340,0xAeF6ea60f6443BAD046E825C1d2b0C0B5eBC1f16,0,0
341,0x889CdBfeB333dAf9C2DEBaFE2Fb5E7DF92E16dD6,0,0
342,0xc42cEb990DeB305520C4527F2a841506095A55D6,0,0
343,0x36bFF079a4532C2F818a65c6ad208cEA587417e7,0,0
344,0x7c46713490E379f515A182d8a5a36deC9d99Be6A,0,0
345,0x71a15Ac12ee91BF7c83D08506f3a3588143898B5,0,0
346,0xe6882e6093a69c47FC21426c2DFdB4A08eB2dEC8,0,0
347,0x23cFD4Fec0B37B86Fc7dc48bC644d5c6d94ac0dF,0,0
348,0xDEf32c6A0DF5094b8b9622FF5AB9299148C947a8,0,0
349,0xCF15F2551A924c922115Bf015fd8C074Aea15683,0.010008864167056972,0
350,0xc219CafDE6855f60dA76d9cacC3873fda65516E6,0,0
351,0xea7c60bA79508855DC3C869DAE5b407e6F9fc307,0,0
352,0xF8602B1B931A6D4B50EA1fDae0e4B26FE653f933,0,0
353,0x0c8BA6507D2097A370Ede7Ef94E01D60f6fc47cc,0,0
354,0x3065a7F606523ab71bA702A732f6dE8bC96B3B7C,0,0
355,0x6260DC6bdCB72c7bCf3b31D51De7b7a1F585EcC4,0,0
356,0x040044941f40bC7AE36edCBbe5ACFCb9f97Cdd1e,0,0
357,0x48C26fADfeFbE063b1773aF4732565bcB55Adc64,0,0
358,0x21b52546D6b2451e461d81B7A3C89DDF4D65cD2e,0,0
359,0xBb15bA61C09192100a269F1C65CebF6Edc1492D1,0,0
360,0x4CC25E0366c564847546f2feda3D7f0D9155B9ac,0,0
361,0x5660C85c9F83f51686AE2F96b0520685CDd72AA6,0,0
362,0xfC93d167C5CA38A0b76134a7d0afD9488abE2505,0,0
363,0x34606E4d14bfdA85C5f8314931C833755fb964DF,0,0
364,0xb888f9f40F6007C06681306bba976F5e25691E1b,0,0
365,0x74F5234F3b9254AaD76C867b50C412E2680acb6f,0,0
366,0x5dcD83Cf2dd90A4C7E1C189e74EC7DC072ad78E1,0,0
367,0xEee7D012C1829ce8f9553b3B3B9500682671197a,0,0
368,0xA6Cf0Fe54a23054eBD8048C3b2A117B1e774363c,0,0
369,0x2C0cb66e9148dA9f045A74703e82b4B67B2CE220,0,0
370,0x69d08A457b0ff73291e0cb741cb863825561F616,0,0.096843788627399573
371,0xCC8Ff1cbbc0E4F8bE5475Ca803E825401d5Cb615,0,0
372,0x5D9a71CD22694cf420726EC4c96262f8Fa1Ec64a,0,0
373,0x45F00a71aD07F32a785cca0c0C11486063Ea874d,0,0
374,0x0b304924fAa64b0f040dcA67bC5175Dd6078db52,0,0
375,0xA6Cf0Fe54a23054eBD8048C3b2A117B1e774363c,0,0
376,0xF67584e180D8004Ae4AADEc826363Af940A9696e,0,0
377,0xe4BF6E1967D7bc0Bd5E2C767c3A2CCAdf23446df,0,0
378,0x794a15F93CEd01F1B0bE5b184344F0B811851BC0,0,0
379,0xa0a06c7118cBa5FBe03f1c8b4f8b635C96733796,0,0
380,0x893F6596613c72D1C5179B6112b7d0103e538b6a,0,0
381,0xF9809ce9761FfABE887C4758E045a6a21e627dBc,0,0
382,0xb888f9f40F6007C06681306bba976F5e25691E1b,0,0
383,0xc044282f35f0aaed53C530ee226698ae9CC0AB51,0,0
384,0x1f1dBAEd8f8d449729BE7654a8FE24A0767565eC,0,0
385,0x7b73cd1e51cea643BC201c0c3599B596Fc8cc736,0,0
386,0xc782b3d3a484aABA2C60b1238921CE0c0f6fd50C,0,0
387,0xE08Da0d972B74581EC77a3C988E47d6E56bfBB7d,0,0
388,0xda51A9b56d69A194083025eAc9c4c24452848e01,0,0
389,0x5D98609F4a43ED4d36DAe38A58365B352109C7a6,0,0
390,0xaab5E297B7113B6c188B5B611ba2724bC1DeCF6F,0,0
391,0x458094822b2Dc3E3e70e9B5f8507389f1F4DBAB5,0,0
392,0x54F65A11Ac61dE39DC70379a3CA0FA268EEf952c,0,0
393,0xb2d46872391fD3057Af3bD17970e2E0bd3c8A873,0,0
394,0x14b1b3fF91525Dd00E8fb8Ce000097ce7d1Cb251,0,0
395,0x73Eb240a06f0e0747C698A219462059be6AacCc8,0,0
396,0x649f69CCd077Da03dFb11f4b1daAb4B625f5E9A3,0,0
397,0x0ddE2E438d72E54c8D2e81f1BF51f42646E6c467,0,0
398,0x69873461B8F29F3a3D35449e2173040e0AA1571d,0,0
399,0x4CC25E0366c564847546f2feda3D7f0D9155B9ac,0,0
400,0xF6649FF37951880dfcEF6CFFEC88B9E40Cf6B6ab,0,0
401,0x257778AD62d2233CCcB5489AA090941c47C3C851,0,0
402,0x4679bEB32E248aCA2D287230C255b26fb81Ed607,0,0
403,0x613e9b6E8Df29167183252AF61149f744a262a0F,0,0
404,0xb82bE987cF6f25d0F040Ca4567e3dacb4b92Aa91,0,0
405,0xBE0FafF90e05e93fceABFd068a44594a7B739742,0,0
406,0x889cE9c13dbD3C5DFBE6327432F5DD15bEDD206e,0,0.097033033354469094
407,0xAAc0aa431c237C2C0B5f041c8e59B3f1a43aC78F,0,0
408,0xb1f530f9894E19446b5c6f315B1174d77449Bcf6,0,0
409,0x300772D881e58A4eb2BB0844D5FC9B2e5476B31b,0,0
410,0x5E827635F1cf30cAC8AB562f801Ce3CfE15A12D3,0,0
411,0x0A4fC1B3308e763A6A322f38138748a781D5B576,0,0
412,0x7b73cd1e51cea643BC201c0c3599B596Fc8cc736,0,0
413,0x1eC9C8B70B7473Dd04a82AFc5930Dd0a34AB3Eb9,0,0
414,0x8625AfdbF3744D433D850c681Ba881d028253c8A,0,0
415,0x73Eb240a06f0e0747C698A219462059be6AacCc8,0,0
416,0x509f115e6f071d1527361C9b4c8ae7Da33C29a34,0,0
417,0xB8d1047861979E496EAd3C37DD0370D122b095D2,0,0
418,0xF9605D8c4c987d7Cb32D0d11FbCb8EeeB1B22D5d,0,0
419,0xb978C8Da8729c514bB08B40d2409E5D5F6982E1f,0,0
420,0x440E9884AAA6f7e32Db41b72b8F181967c507e98,0,0
421,0x6b9E4F287d44cEa39Cd8CcEDAA42488617AA21A7,0,0
422,0x62c8aCc91b488F5749D8e43C7711eDf76841b206,0,0
423,0xdC7C7F0bEA8444c12ec98Ec626ff071c6fA27a19,0,0
424,0xFB27Ea9e342B90d29144f2b02FCe921ebb259b67,0,0
425,0x0A4fC1B3308e763A6A322f38138748a781D5B576,0,0
426,0xa04275c10f39E8675a34e147E2EF78d35129f2b6,0,0
427,0xEeE7FB850D28f5cabd5f1EDF540646b5bEA17CE5,0,0
428,0x6129A2CF9D4f67C433a3EC867a912884936C1cbF,0,0
429,0x33960796BAC9CDf2B766A5E93a789B7Bff07F67E,0,0
430,0x6AC2ebA12fA8e7e098d71f9480C8888C8884Dc36,0,0
431,0xa3903Bc9e6EdBdff8b8f0E3035518c02bbe1605D,0,0
432,0x7338afb07db145220849B04A45243956f20B14d9,0,0
433,0x090E1Fdc0CB866317751F0621884a203a8d797aa,0,0
434,0x4E82AD13eeC9D857EF7E3b014dfEBF32DDBD8884,0,0
435,0x022ca32d31da3Ef85922AAFD9aD29C5b2418172C,0,0
436,0x513AeDacE44cc9a0724CA276a8CeeeE950903576,2.5,3
437,0x80b9Aa22ccDA52f40be998EEb19db4D08fafEC3e,0,0
438,0x36bFF079a4532C2F818a65c6ad208cEA587417e7,0,0
439,0xE2CDf066eEe46b2C424Dd1894b8aE33f153F533C,0,0
440,0x9Bbb5476491Bbc5c052c8A8C67d0c07Fb077F978,0,0
441,0xe4BF6E1967D7bc0Bd5E2C767c3A2CCAdf23446df,0,0
442,0xF9809ce9761FfABE887C4758E045a6a21e627dBc,0,0
443,0xc782b3d3a484aABA2C60b1238921CE0c0f6fd50C,0,0
444,0x889cE9c13dbD3C5DFBE6327432F5DD15bEDD206e,0,0.097033033354469094
445,0x46679587281C67ae9AD977c8d84A6b8a96a7CEC9,0,0
446,0x73C59bB67775520E2783258cED7C50E4890b1E91,0,0
447,0x348B3ccAC1F8B763b19E91f5fBA71B85Dc305655,0.000170892341941254,0
448,0x4679bEB32E248aCA2D287230C255b26fb81Ed607,0,0
449,0x2cea91416b0a752Bf9A4B407ff46206d67cCD413,0,0
450,0x422D6cDE343e116DA1987838a431ad11ABca1974,0.000978323545760497,0
451,0xf9E0F77Ee583bA9Ba04658381310C19C2a1B62b1,0,0.004839339109198062
452,0x860001218D2476481629B7c64960bd6eDbEdD848,0,0
453,0xfd0402c1deDC6EfEb4aFC4811e701e3006a3b7D0,0,0
454,0x432DcBdA06e8B296CA29705572D7cb6315Ed8Bed,0,0
455,0x7338afb07db145220849B04A45243956f20B14d9,0,0
456,0xFa9d539cBfd05303dAA74C7fcB5b3977962b61Cd,0,0
457,0xa23CB68780be74b254a5f7210Ec6cF1c76289953,0,0
458,0x074Bb7c1A95AD308E67C06005bb3Dc24b6BAF480,0,0
459,0x20cc6Cf5b44fF68B6ffbb95F8b21E876d4611c20,0,0
460,0x4dAf8ce9D729ca4F121381ec4B22123627C1C004,0,0
461,0xF52de183a7335f6d3ddB3f815dBfc9eD28A1ff4c,0,0
462,0xf9E0F77Ee583bA9Ba04658381310C19C2a1B62b1,0,0.004839339109198062
463,0x1e121993b4A8bC79D18A4C409dB84c100FFf25F5,0,0
464,0xDcE62b21A8B1A9b39dD3ded27C876d416CC91B3e,0,0
465,0xc688a50acd33CdCBa91760f58290FaB20bC11095,0,0
466,0x8f5e97E1E3d47A2f223a67e06de21F067B7779Db,0,0
467,0xd30c4c6aD8D51fA4fdb2dCa481AF38695d921386,0,0
468,0xAeF6ea60f6443BAD046E825C1d2b0C0B5eBC1f16,0,0
469,0x05D79534d876578fb2DA65220a66d6c953c8b252,0,0
470,0x129B027960B6D15B2C235FC04ac17caAA1d910E0,0,0
471,0xFAA52FD31109c9bcD2717cDe2A1eD50c387D55D2,0,0
472,0xe596607344348723Aa3E9a1A8551577dcCa6c5b5,0,0
473,0xdEC6D1C36e6a2C20642dB914b3462EA65629668e,0,0
474,0x193641EA463C3B9244cF9F00b77EE5220d4154e9,0.000978323545760497,0.000970767038262125
475,0xf11ef6649042a468bf768c8d379351F2d99882bA,0,0
476,0x40bBA8B1C1140DEFC330c79e4bcBd2CC40e7a380,0,2.411385639429402076
477,0x9B87E1Fd164E70E6FA8c7fbEE5943C2532f7834B,0,0
478,0xdbC529316fe45F5Ce50528BF2356211051fB0F71,0,0
479,0x48C26fADfeFbE063b1773aF4732565bcB55Adc64,0,0
480,0x118b3A4c4E1346581EB539Fd235585579e93c23D,0,0
481,0xC69aDcA4485C0C494f34e9Aa6b0A31f343f76411,0,0
482,0x4CC25E0366c564847546f2feda3D7f0D9155B9ac,0,0
483,0x9C26c35dA01Fbba36c852Cd88e15F0ad70C5941a,0,0
484,0x7326d9e1e07991bF1e90C2455f496fAC3234De0C,0,0
485,0x873525B1B479431Bd713D59897218bfDC341c0Cf,0,0
486,0x095bfDBbaD0C1de8F7568A78AaE982AA895E3C0C,0,0
487,0x90F15E09B8Fb5BC080B968170C638920Db3A3446,0,0
488,0xf9E0F77Ee583bA9Ba04658381310C19C2a1B62b1,0,0.004839339109198062
489,0xCEB99F56d3604ea415c3322F992A1bc8ECeC51f9,0.000979340916541778,0
490,0x3B27944505847cb14f3F2983638d082c8D9526d0,0,0.096960578557668029
491,0x06F4A72304ce2c6f378CC5F3d2db94c3F0be87A7,0,0
492,0x6B651CaD4aE6A06F72753429E818878a543c6203,0,0
493,0xda51A9b56d69A194083025eAc9c4c24452848e01,0,0
494,0xd87EcC6C74F486B044824a222326A96F696fCfA2,0,0
495,0x4a3891b38d78Dfa5f2fD0732aD22768886f43739,0,0
496,0x69d08A457b0ff73291e0cb741cb863825561F616,0,0.096843788627399573
497,0x4917301CD148FA9265478f64763F71a1d0BC6B9e,0,0
498,0x5345462544ed763639519376C298E939228dD1f4,0,0
499,0x955aF4de9Ca03f84c9462457D075aCABf1A8AfC8,0,0
500,0x7b73cd1e51cea643BC201c0c3599B596Fc8cc736,0,0
501,0x5472367E0bC0f3CCC8D63bE92aEFdEc51bf4f3ae,0,0
502,0xF2D4297402a0DD415FC7503668f0b90Fc0A31d56,0,0
503,0x2247e9b5Accd54c7B8BB7b2462ed3010007eeD64,0,0
504,0xEDb20d8DdA3d6309E6722A758a9c47B0B5CbD037,0,0
505,0xb14F76a56DC0bc0119D4C4d6c53e1f1eee09F1b7,0,0
506,0x4D4Ef453CF782926825F5768499C7e02DaA3A9E7,0,0
507,0x4dAf8ce9D729ca4F121381ec4B22123627C1C004,0,0
508,0xA12aC5088dE5c394505D3dEd4c2B5f2A81858753,0,0
509,0xF52de183a7335f6d3ddB3f815dBfc9eD28A1ff4c,0,0
510,0xD2e1BdD5Fb6177Ca4ab9f31f3442c0aadE020F71,0,0
511,0x6acCFBA19e00773EC4c8700096e5c0E84a40C2Fa,0,0
512,0x336A076FDc2EF18aFB87bDC7ab7ed9e1FfB73141,0,0
513,0x095bfDBbaD0C1de8F7568A78AaE982AA895E3C0C,0,0
514,0x09f3aD5C718Ee63d5a4905330fA4eEe246757906,0.100036224052908096,0
515,0xe4f14C5d5Ede901243d6e8b3C0647Ac42c3319F1,0,0
516,0xE6Ee2eC5325269CD5CCaD6D6e444A4F05c5b946b,0,0
517,0xe4f14C5d5Ede901243d6e8b3C0647Ac42c3319F1,0,0
518,0x4CC25E0366c564847546f2feda3D7f0D9155B9ac,0,0
519,0x14e6b828AdB52153E5BF7C740A1a7312ef4B8711,0,0
520,0x2649bB086552825Ced34545388Dbc40f6C51Fea0,0,0
521,0x83f6fe95067E24AF601b1B822430c72C0098d208,0,0
522,0x13AB5e30deAc9CFF34be7cad126f8b464A8b7450,0,0
523,0x613e9b6E8Df29167183252AF61149f744a262a0F,0,0
524,0x873525B1B479431Bd713D59897218bfDC341c0Cf,0,0
525,0xe8a4900BF1f3e498d6069f96158bCc132DBB7B44,0,0
526,0x82285f1B7DDAC20452b55dd1F70Bea3031815ACA,0,0
527,0x6129A2CF9D4f67C433a3EC867a912884936C1cbF,0,0
528,0x574B4546Cb756A8d36EDF5907f4Cc963A3CAb612,0,0
529,0xF9809ce9761FfABE887C4758E045a6a21e627dBc,0,0
530,0xA12aC5088dE5c394505D3dEd4c2B5f2A81858753,0,0
531,0xe70C9481dBbaD94EC9A5C05086F9A957ee0Dd74A,0,0
532,0x7b73cd1e51cea643BC201c0c3599B596Fc8cc736,0,0
533,0x510c0fcBD5FE56af9F5b23F7b7c4Ad0bFF2b5B00,0,0
534,0x9755e99bDB99495D3D31D953785D993C6DF8552E,0,0
535,0x9E8C646220613d68eaf2B947f46c2B4F52Bf3f45,0,0
536,0xC0f0861727DdE2503A0a056EB621b63901bcd05f,0,0
537,0x1E4625c98c5A1c4409B96A8984dD4dc6Df8aefA0,0,0
538,0x80b9Aa22ccDA52f40be998EEb19db4D08fafEC3e,0,0
539,0x14b1b3fF91525Dd00E8fb8Ce000097ce7d1Cb251,0,0
540,0x63744Da6d74083d435458b51668367A9bC11d3cE,0,0
541,0x39409e325de39E4bBd753Bd2ee49b46Abb39cf7d,0,0
542,0xd334533980C201c1b93e39bBE6bD1E04be5C0f5D,0.019347237496605683,0
543,0xbA3236c972F589118441c57c239C6AB73DA3a944,0,0
544,0x8938957A8Fb738852DEE9441270c673b7DCBAa26,0,0
545,0x9c768177521C9A832B0f8567265ef02E89D0282e,0,0
546,0x9c768177521C9A832B0f8567265ef02E89D0282e,0,0
547,0x5C461A0C595d6B2a4b0f4a42fD55bE7aAeD8aF80,0,0
548,0x6f8348B951943FA0a2a6065067eB2Bd6180c244d,0,0
549,0x8061199A31983A077E691C08B2263a4CF5c24093,0,0
550,0x813eF85A9FC6e8D4A4c6594543c31e4cc64426C8,0,0
551,0x2D8304750A8AC17DC1B9A5Da1c85c0a55f12c3D3,0,0
552,0x1477a58ddaa60Bc3fA335a15D8a601Fc6EBC754A,0,0
553,0x1e121993b4A8bC79D18A4C409dB84c100FFf25F5,0,0
554,0xAAc0aa431c237C2C0B5f041c8e59B3f1a43aC78F,0,0
555,0x5a9cB28009C4c543B332ae59964a6f0932518169,0,0
556,0xCeD0EfA7579304Ab5b38BA9B5C65CAd6be322aD5,0,0
557,0xdE09d96feb8498003C098F96eb6469194D02A6D3,0,0
558,0x13cbd624Af484c4C695ff0E1d0B7e125d45F2C76,0,0
559,0x8dd6C4bD737966aaA05E8Eb2588E56B6165F7e73,0,0
560,0xe45bfBbce6b346682dBFf697B50f691F9e3A05ef,0,0
561,0x4FAdf1Dc1E544955382287433B660531c3232E0B,0,0
562,0x49De76E8e7c1b6a974D6B766B9b5F5d199566e94,0,0
563,0xA0AA45c41dd92A3AE0FCA91F3af3C14A8d9343bD,0,0
564,0x873525B1B479431Bd713D59897218bfDC341c0Cf,0,0
565,0x31d71C9F00C4cE70aE78069a3306ac38E263Cbe0,0,0
566,0xA0AA45c41dd92A3AE0FCA91F3af3C14A8d9343bD,0,0
567,0xAAc0aa431c237C2C0B5f041c8e59B3f1a43aC78F,0,0
568,0x59a1748B98C8735486a185471D13b123b5054Eb4,0,0
569,0x8061199A31983A077E691C08B2263a4CF5c24093,0,0
570,0x15061b3aA8C2e9738fcC3ea2243AE53d9eB402F4,0,0
571,0xB43C28024f94aAA16Df8194E0b7B0FccDeFD7ED1,0,0
572,0xAAc0aa431c237C2C0B5f041c8e59B3f1a43aC78F,0,0
573,0x444483c2d87a6C298f44c223C0638A3eAc7B6ea0,0,0
574,0x7333574Fcb4811EA9CC46610d344785af61393E9,0,0
575,0x1ED939Ef096bAb6d68657Ea9c1fDF534eAd267d6,0,0
576,0xFdbBfB0Fe2986672af97Eca0e797D76A0bbF35c9,0,0
577,0x53C40473DcdFd927C4201cCFE24E314a7D7C3584,0,0
578,0xA0AA45c41dd92A3AE0FCA91F3af3C14A8d9343bD,0,0
579,0xA0AA45c41dd92A3AE0FCA91F3af3C14A8d9343bD,0,0
580,0xF6649FF37951880dfcEF6CFFEC88B9E40Cf6B6ab,0,0
581,0xA0AA45c41dd92A3AE0FCA91F3af3C14A8d9343bD,0,0
582,0x5C461A0C595d6B2a4b0f4a42fD55bE7aAeD8aF80,0,0
583,0x0d48C34f7b777e3B0c3DFd99cf7B53f21E01d023,0,0
584,0xa669070D106E96CC2390523E9745B425a1b3a0E0,2.5,0
585,0xf9E0F77Ee583bA9Ba04658381310C19C2a1B62b1,0,0.004839339109198062
586,0xbDfA4f4492dD7b7Cf211209C4791AF8d52BF5c50,20,0
587,0x0397D4A6f9078884a1815f9dbE1e3fDcCfdc4C50,0,0
588,0xCF54B70Bf3CEC789dEa3B7b2A01d3147cd6cd0Ef,0,0
589,0xD14100097D2BD812AcbF2501F3464aCcA262eA04,0,0
590,0x28bcBFA0d9Fd8Af3c4f993cDA6640ddc9FbbAFEF,0,0
591,0x067134Eaf65E507Aa066BA58443DA431E2d81F27,0,0
592,0xd6E9C9A8002C7E2EFc99E7acab60C442fc9DF4f2,0,0
593,0x3143F55392276526B153A5CF444D33B8e5DC99Dc,0,0
594,0x798a59cB1EF7110e91640Fc6A8056D029BA8a42E,0,0.009689253329788706
595,0xC1C79C6378e5A72895C8eA15fc6Dd59fFddc8dee,0,0
596,0xb789221616C7be137f33D545758F5510591D725E,0,0
597,0xAAc0aa431c237C2C0B5f041c8e59B3f1a43aC78F,0,0
598,0xA9481b01D807d41cDB4Bb3E6520Da9719CF09Ce9,0,0
599,0x9E8C646220613d68eaf2B947f46c2B4F52Bf3f45,0,0
600,0xaD15D7680e0100291E9832B497c96e143919Aa4f,0,0
601,0x73C59bB67775520E2783258cED7C50E4890b1E91,0,0
602,0xA0AA45c41dd92A3AE0FCA91F3af3C14A8d9343bD,0,0
603,0xA0AA45c41dd92A3AE0FCA91F3af3C14A8d9343bD,0,0
604,0xB78000150490739ACBbD735b3D79C030499F12d6,0,0
605,0xD89dCd226f1f902D060B4F5897EDc130D8a7b312,0,0
606,0xa669070D106E96CC2390523E9745B425a1b3a0E0,2.5,0
607,0x1AB18167ECAEb74959E565A52eDEAE55BCd879c0,0,0
608,0x4CC25E0366c564847546f2feda3D7f0D9155B9ac,0,0
609,0x8dd6C4bD737966aaA05E8Eb2588E56B6165F7e73,0,0
610,0xf69EA6646cf682262E84cd7c67133eac59cef07b,0,0
611,0x483e05E875b3962Dc69E74092C13b97b1F5E7a56,0,0
612,0xb386B3370F3C258d241fED394050d60F7c421bE7,0,0
613,0x5C461A0C595d6B2a4b0f4a42fD55bE7aAeD8aF80,0,0
614,0xb82bE987cF6f25d0F040Ca4567e3dacb4b92Aa91,0,0
615,0x8061199A31983A077E691C08B2263a4CF5c24093,0,0
616,0x9C26c35dA01Fbba36c852Cd88e15F0ad70C5941a,0,0
617,0xf2C929C22d491c2A2C4EC92EC6C2c11e6B861428,0,0
618,0xaD15D7680e0100291E9832B497c96e143919Aa4f,0,0
619,0x5C461A0C595d6B2a4b0f4a42fD55bE7aAeD8aF80,0,0
620,0x68fef70c0b2E336492149184353EC5E2D17dfD62,0,0
621,0x3bAf04a1dAccB03F4806694Cf1a266E1C4DF1310,0,5.705878706673363679
622,0x8061199A31983A077E691C08B2263a4CF5c24093,0,0
623,0xA0AA45c41dd92A3AE0FCA91F3af3C14A8d9343bD,0,0
624,0x7338afb07db145220849B04A45243956f20B14d9,0,0
625,0xf6f1fE2C6FDC68EC3731Eb4A90fCb91D987486E9,0,0
626,0x33B15e72Ab68E0c563EE9E1610C4c643bA51f9aA,0,0
627,0x073aBA73177668Ba1c6661A4CCddbF77dfC8809a,0,0
628,0x22aB945B234Ab07784044D291D7fAF7a15219DB2,0,0
629,0x6f9BB7e454f5B3eb2310343f0E99269dC2BB8A1d,0,0
630,0x7338afb07db145220849B04A45243956f20B14d9,0,0
631,0xf69EA6646cf682262E84cd7c67133eac59cef07b,0,0
632,0x7f83D0aA2b3cEFF22d1c21F5Ada562Ca17BdFB12,0,0
633,0x4CC25E0366c564847546f2feda3D7f0D9155B9ac,0,0
634,0x1138f2c7E2198d6B1d7dE80377454d280F6877d1,0,0
635,0x79E4944C76a8BAf27720012843BD68a6ecf28c14,0,0
636,0x49De76E8e7c1b6a974D6B766B9b5F5d199566e94,0,0
637,0x47E3F033877A9a8Ac49B72EcfE9368A664E4cC5D,0,0
638,0xC10FA265ce69337EB0eCf7B02d652E8d28b61A17,0,0
639,0xd87EcC6C74F486B044824a222326A96F696fCfA2,0,0
640,0xA0AA45c41dd92A3AE0FCA91F3af3C14A8d9343bD,0,0
641,0xfea257550b79d7d55e3CA67bc5886b3996E5DD2A,0,0
642,0x15061b3aA8C2e9738fcC3ea2243AE53d9eB402F4,0,0
643,0x7BFEe91193d9Df2Ac0bFe90191D40F23c773C060,5.916449172169117123,0
644,0x15061b3aA8C2e9738fcC3ea2243AE53d9eB402F4,0,0
645,0x4993d6b3be115359D90021DC42442a492Fbf650A,0,0
646,0x196283bCe3e38D98f9f4c424a1A148b248Eaa4F9,0,0
647,0x15061b3aA8C2e9738fcC3ea2243AE53d9eB402F4,0,0
648,0x15061b3aA8C2e9738fcC3ea2243AE53d9eB402F4,0,0
649,0xE5508496e06583da360670Ce4AA4024a01E9861B,0,0
650,0xF4C2949edC28B09fbab45f4f6B15634F4A27df3c,0,0
651,0x873525B1B479431Bd713D59897218bfDC341c0Cf,0,0
652,0xf578475B51f9f77b2421C321D4c0D530942a5448,0,0
653,0x15061b3aA8C2e9738fcC3ea2243AE53d9eB402F4,0,0
654,0xf578475B51f9f77b2421C321D4c0D530942a5448,0,0
655,0x4c47b2520E9f7E3da15dF09718d467f783b03858,0,0.000290084211907869
656,0xdE09d96feb8498003C098F96eb6469194D02A6D3,0,0
657,0xBA883236e86C77ec16c0C5D3E040F4E15CA11fA7,0,0
658,0xA0AA45c41dd92A3AE0FCA91F3af3C14A8d9343bD,0,0
659,0x4CC25E0366c564847546f2feda3D7f0D9155B9ac,0,0
660,0x83f6fe95067E24AF601b1B822430c72C0098d208,0,0
661,0x7b73cd1e51cea643BC201c0c3599B596Fc8cc736,0,0
662,0x6A42888A9F9aE5b319BAa60DF5144F870fdfD7a5,0,0
663,0x2239Ac202240074B006a0Cd2C201284a284dfe21,0,0
664,0x11443ad12aEf3663A8cD767e6f9508fC799C4B18,0.013422595868451969,0
665,0x8dd6C4bD737966aaA05E8Eb2588E56B6165F7e73,0,0
666,0x15061b3aA8C2e9738fcC3ea2243AE53d9eB402F4,0,0
667,0x9E8C646220613d68eaf2B947f46c2B4F52Bf3f45,0,0
668,0x16F570e93fDbC3A4865b7740DEB052eE94d87E15,0,0
669,0xa669070D106E96CC2390523E9745B425a1b3a0E0,2.5,0
670,0x7BFEe91193d9Df2Ac0bFe90191D40F23c773C060,5.916449172169117123,0
671,0x15061b3aA8C2e9738fcC3ea2243AE53d9eB402F4,0,0
672,0x9C258268d067ed41C7E6e6042671CE416713FBDE,0,0
673,0xA0AA45c41dd92A3AE0FCA91F3af3C14A8d9343bD,0,0
674,0x91d947DaA437F790BF8Fbe1e81Fd3Eda403796Bf,1.55,0
675,0x99C7a75fde55e64755c47e4fc309974DcDedC8d9,0,0
676,0x3c5c884D512a4513c9C7440be3c2533175178a09,0,0
677,0x75f4693f6f5444126Fe50247B7F9d4D1944319b4,0,0
678,0x7E6be584B2B1e5C144dB8d19979A1D33aA9516f9,0,0
679,0x30Cc4B46b714Ea05bE154E7D5e8C4fC3Bdb9E66A,0,0
680,0xC45E55916D3Eccde0AA3b02BAadC03D10cF1c204,0,0
681,0x83a59Ce2eF545c019e77c542552eC0f0f58402B6,0,0
682,0x15061b3aA8C2e9738fcC3ea2243AE53d9eB402F4,0,0
683,0x4679bEB32E248aCA2D287230C255b26fb81Ed607,0,0
684,0x48AA90Da05b42ce09342475B6391eA05F26157b1,0,0
685,0x1199bc1657e2178DD2B64B79414d0459adf62Db3,0,0
686,0x9D6b33774BD65aFD1392b0303265E45176c7d33a,0,0.504798859896305158
687,0x76Da9F88e63a85Ba8BFA19F3821D5A271753D3dc,0,0
688,0x7b73cd1e51cea643BC201c0c3599B596Fc8cc736,0,0
689,0x83a59Ce2eF545c019e77c542552eC0f0f58402B6,0,0
690,0xC45E55916D3Eccde0AA3b02BAadC03D10cF1c204,0,0
691,0x884050E742c50bEac9825d7dFf4905217b747E1e,0,0
692,0x5C461A0C595d6B2a4b0f4a42fD55bE7aAeD8aF80,0,0
693,0x6f5a8A35fb10EEcEF9128f407a0fe67B898556CF,0,0
694,0x7AAEE144a14Ec3ba0E468C9Dcf4a89Fdb62C5AA6,0,0
695,0x3DE338eCd19234437BdD453b841867c5a6e56056,0,0
696,0x9E8C646220613d68eaf2B947f46c2B4F52Bf3f45,0,0
697,0xAAc0aa431c237C2C0B5f041c8e59B3f1a43aC78F,0,0
698,0x5aa58BBde56AA25D5db3ae034632DB83579ac7D9,0,0
699,0x181ae03A7F3F320eC1255c913C9cb63fcE12F77A,0,0
700,0x15061b3aA8C2e9738fcC3ea2243AE53d9eB402F4,0,0
701,0x53C40473DcdFd927C4201cCFE24E314a7D7C3584,0,0
702,0x3d5AD53df00967702B4f5135f360c1c3DB433579,0,0
703,0x8dd6C4bD737966aaA05E8Eb2588E56B6165F7e73,0,0
704,0x7BFEe91193d9Df2Ac0bFe90191D40F23c773C060,5.916449172169117123,0
705,0x15061b3aA8C2e9738fcC3ea2243AE53d9eB402F4,0,0
706,0x62bC3dE30E94277213c44C21c55ae0bEe8AA956F,0,0
707,0xb9756116b6316C81915D7B85179Eef63a9793897,0,0
708,0x8c8868c77E0546b34f196595f0e727BC1AdD2e4D,0,0
709,0x1eC9C8B70B7473Dd04a82AFc5930Dd0a34AB3Eb9,0,0
710,0xf9E0F77Ee583bA9Ba04658381310C19C2a1B62b1,0,0.004839339109198062
711,0x40f7eb376C8b53D43f32e33348EBacD1222bEe5E,0,0
712,0xF9f12F065499fAC55f031D11D1f1439e4BfA8525,0,0
713,0x464fd6B8E4DDe4352117940a07d7cc93269a77Bb,0,0
714,0x5C461A0C595d6B2a4b0f4a42fD55bE7aAeD8aF80,0,0
715,0xA0AA45c41dd92A3AE0FCA91F3af3C14A8d9343bD,0,0
716,0xdc120A50C99A748300434fd6b590c8A26e486540,0,0
717,0x5C461A0C595d6B2a4b0f4a42fD55bE7aAeD8aF80,0,0
718,0xc164411CCb8468E0c9F6a0Fc0B06E69f5845AC30,0,0
719,0xB4a2E8824a2648874d92DbE34572B00ACf96aF24,0,0
720,0x464fd6B8E4DDe4352117940a07d7cc93269a77Bb,0,0
721,0x83f6fe95067E24AF601b1B822430c72C0098d208,0,0
722,0xAdE9e51C9E23d64E538A7A38656B78aB6Bcc349e,0,0
723,0x4CC25E0366c564847546f2feda3D7f0D9155B9ac,0,0
724,0x3a6931B8385405429635f9D68833C2Dd93779e4E,0,0
725,0x4CC25E0366c564847546f2feda3D7f0D9155B9ac,0,0
726,0x44a4e753a7eD24B9690737E6625B4C72Ad22aE70,0,0
727,0x4CC25E0366c564847546f2feda3D7f0D9155B9ac,0,0
728,0x5a05922137b806326a54f55B8373f9DFdB82B18C,0,0
729,0x4CC25E0366c564847546f2feda3D7f0D9155B9ac,0,0
730,0xb888f9f40F6007C06681306bba976F5e25691E1b,0,0
731,0x025ec8c36928dA3FE20aF7672DF18881E9131F0A,0,0
732,0xfA11Ed9149cb8cfce5ADB20fCc61839caf335BF6,0,0
733,0xFd752Ec21d6B91A14AC79117e50Bb5257Cc04878,0,0
734,0xfA11Ed9149cb8cfce5ADB20fCc61839caf335BF6,0,0
735,0x4679bEB32E248aCA2D287230C255b26fb81Ed607,0,0
736,0xB8DDBC7331308f796888b0Dc72B35E112a2949Dc,0,0
737,0x8aa0CB1f9682A62bc7DfB45a35521A3FB96F1615,0,0
738,0xf6f1fE2C6FDC68EC3731Eb4A90fCb91D987486E9,0,0
739,0x7f955a67EdBaD58547Eb4Ed729f64C5aa70cc349,0,0
740,0xe057E6386047C690f6D2804Ecd61E68441774bBc,0,0
741,0x83a59Ce2eF545c019e77c542552eC0f0f58402B6,0,0
742,0x14b1b3fF91525Dd00E8fb8Ce000097ce7d1Cb251,0,0
743,0x4Bb7fba588B4254536DE4316e8FB346bbe275EcB,0,0
744,0xc164411CCb8468E0c9F6a0Fc0B06E69f5845AC30,0,0
745,0x4CC25E0366c564847546f2feda3D7f0D9155B9ac,0,0
746,0x4Bb7fba588B4254536DE4316e8FB346bbe275EcB,0,0
747,0x9D8867D21C0970A18163E62D9BD23ac19fCA0488,0,0
748,0x3c5c884D512a4513c9C7440be3c2533175178a09,0,0
749,0x45F00a71aD07F32a785cca0c0C11486063Ea874d,0,0
750,0xA0AA45c41dd92A3AE0FCA91F3af3C14A8d9343bD,0,0
751,0x39aa6b44cBFC54AA7DC8617901525f25D94f6990,0,0
752,0x927e58afD6225D634D21a1486a4cC95E7221DFFD,0,0
753,0xe057E6386047C690f6D2804Ecd61E68441774bBc,0,0
754,0x73Eb240a06f0e0747C698A219462059be6AacCc8,0,0
755,0x1979B08563c5Eb0716122d86B37d3fF569e2757D,0,0
756,0x52EF1F3c4A1068d0079093cD2DCAe9eBE9Edcb8F,0,0
757,0xd87EcC6C74F486B044824a222326A96F696fCfA2,0,0
758,0xc661B3C79d0E07B3eC25d57e6B8BfFa35981D5F1,0,0
759,0x8dd6C4bD737966aaA05E8Eb2588E56B6165F7e73,0,0
760,0xd8A7A2b86F5FE23eCBaceB3F807B8ff033136a53,0,0
761,0x4993d6b3be115359D90021DC42442a492Fbf650A,0,0
762,0xea7c60bA79508855DC3C869DAE5b407e6F9fc307,0,0
763,0xAdE9e51C9E23d64E538A7A38656B78aB6Bcc349e,0,0
764,0x1eC9C8B70B7473Dd04a82AFc5930Dd0a34AB3Eb9,0,0
765,0x4CC25E0366c564847546f2feda3D7f0D9155B9ac,0,0
766,0xAdE9e51C9E23d64E538A7A38656B78aB6Bcc349e,0,0
767,0xF89BAd8282Ece5A1Ba4a6d38e5D757c00d35F852,0,0
768,0x6F60Bf505dF3D9941EA02E2cCbFeE0FDE60ebbF9,0,0
769,0xb93ca0b396cE95Bc80e623800Ddb15Ad2c0bca64,0,0
770,0xFdbBfB0Fe2986672af97Eca0e797D76A0bbF35c9,0,0
771,0x8de32425E4016A3E872562852DAB3da499ae50CE,0,0
772,0x6551A20aA7c0BC2aAB12B34A82C15B0A10F6e2B8,0,0
773,0xb888f9f40F6007C06681306bba976F5e25691E1b,0,0
774,0xa8b4C7F8B3d91b324F815252da74884E68FB4C4C,0,0
775,0xAdE9e51C9E23d64E538A7A38656B78aB6Bcc349e,0,0
776,0x347e3AF43bB62ae59569D09630c1287f135C7cbA,0,0
777,0x71Ac0A4B655d6d0d6D4f59345561a8cA0775BA2c,0,0.019392106487643384
778,0xF3200849aC675CF41E47e70B744AD38F64eE06de,0,0
779,0x8942AE01572653790D83959BEd158498fB2fa330,0,0
780,0xA0AA45c41dd92A3AE0FCA91F3af3C14A8d9343bD,0,0
781,0x14b1b3fF91525Dd00E8fb8Ce000097ce7d1Cb251,0,0
782,0x3d5AD53df00967702B4f5135f360c1c3DB433579,0,0
783,0x1e121993b4A8bC79D18A4C409dB84c100FFf25F5,0,0
784,0xc8dDbbd6a6B846c1753290B62E18F9F51c6fBb53,0,0
785,0xdDE05dA1122494C9aF1694B377aDbB43B47582C9,0,0
786,0x7338afb07db145220849B04A45243956f20B14d9,0,0
787,0x592E857197B0731e218f5E61C076be082cE325e4,0,0
788,0x99c3f30Bbc9137F6E917B03C74aEd8a4309B3E1b,0,0
789,0xAAc0aa431c237C2C0B5f041c8e59B3f1a43aC78F,0,0
790,0x4096D69deE9EBDbE23C939a241660F7861e0A223,0,0
791,0x7543a019485120dE06ad60db19fBd06DD50312cB,0,0
792,0xd87EcC6C74F486B044824a222326A96F696fCfA2,0,0
793,0x1A162A5FdaEbb0113f7B83Ed87A43BCF0B6a4D1E,0,0
794,0x807618491E6fD5d71d92E3CE0Da98A0c086cBC60,0,0
795,0x889cE9c13dbD3C5DFBE6327432F5DD15bEDD206e,0,0.097033033354469094
796,0x9c768177521C9A832B0f8567265ef02E89D0282e,0,0
797,0xf08214cbe3527cf4FD65bfcE128e32C6EEdd2174,0,0
798,0x7E17249f345ec97e722E4FbDf0Ad01D516DC9D18,0,0
799,0xdFEE40a82276D9BcFa3c346988cC1E83A664E276,0,0
800,0xd859CbAD6f4fbEac118c5f4CBf47ED21215f0C9F,0,0
801,0x73Da40edBa728ec51F07424408d9E308FEaF7252,0,0
802,0xda51A9b56d69A194083025eAc9c4c24452848e01,0,0
803,0xf9E0F77Ee583bA9Ba04658381310C19C2a1B62b1,0,0.004839339109198062
804,0xD85d7B88897a922d05ED0F19A088Ab592701921a,0,0
805,0xE03D3BA9B81A9F71A39d2a1BeFD5587D698B220e,0.149979346406159065,0
806,0xD2e1BdD5Fb6177Ca4ab9f31f3442c0aadE020F71,0,0
807,0x87f13c2d3550F32f5EB4c3C3FeA371D3C7046F20,0,0
808,0x39aa6b44cBFC54AA7DC8617901525f25D94f6990,0,0
809,0xAdE9e51C9E23d64E538A7A38656B78aB6Bcc349e,0,0
810,0xA9481b01D807d41cDB4Bb3E6520Da9719CF09Ce9,0,0
811,0x441ACE24AfB1d17621D3EC78d3911Ee2297D993d,0,0
812,0xF433771bE52fe3B915b5c3840Ffe9A55425766E3,0,0
813,0x8aa0CB1f9682A62bc7DfB45a35521A3FB96F1615,0,0
814,0xD28a4c5B3685e5948d8A57f124669eafB69F05Bb,0,0
815,0xa8b4C7F8B3d91b324F815252da74884E68FB4C4C,0,0
816,0xc6B45909047ceC807d4f1Ec2057560262CE1A5E8,0,0
817,0xb9b7Db94D57fe25907620eAae42b9780176CceeA,0,0
818,0x873525B1B479431Bd713D59897218bfDC341c0Cf,0,0
819,0xE6599B2e61e550685bc83138bBDCF7CAa718E7ce,0,0
820,0xda51A9b56d69A194083025eAc9c4c24452848e01,0,0
821,0x83a59Ce2eF545c019e77c542552eC0f0f58402B6,0,0
822,0x926f31D9D9416234E50D5BBa96B8f86deE82E87E,0,0
823,0x990F7A79e5Bc29e5863865d39262F755F6C9412a,0,0
824,0xd6f631C796a56A5d448Dd88a01f15058c4A0Be52,0,0
825,0x1A15bbBb5db2B5bF0423C32DBF94029D2b5e4995,0,0
826,0xf6f1fE2C6FDC68EC3731Eb4A90fCb91D987486E9,0,0
827,0x43799E28b96D18548b496558Bc816A3F88C8038B,0,0
828,0x9459EDa837626A5D7f929BAf7d3AC1DF60e26239,0,0
829,0xf11ef6649042a468bf768c8d379351F2d99882bA,0,0
830,0xFdbBfB0Fe2986672af97Eca0e797D76A0bbF35c9,0,0
831,0xF433771bE52fe3B915b5c3840Ffe9A55425766E3,0,0
832,0x394d569dB6BCcCD8737c1ED25E5276c4Aa12b145,0.002462881077757852,0
833,0xc1fA63BD4189a9C49A30010B6a3aB11194A95842,0,0
834,0x39aa6b44cBFC54AA7DC8617901525f25D94f6990,0,0
835,0x134C29aEbD928389e1edEd64CF63c0E516e17148,0,0
836,0x1D4548d09022e298F53b46Cd68A3C6A16830371E,0,0
837,0x4Bb7fba588B4254536DE4316e8FB346bbe275EcB,0,0
838,0xa669070D106E96CC2390523E9745B425a1b3a0E0,2.5,0
839,0xA0AA45c41dd92A3AE0FCA91F3af3C14A8d9343bD,0,0
840,0xf2C929C22d491c2A2C4EC92EC6C2c11e6B861428,0,0
841,0x58c0c064a89138bF3216c20f4E4827ec0fE78E87,0,0
842,0x2594583d1A53412a8505B4d11CBdFd24138D9dE8,0,0.002903603465518837
843,0xf9E0F77Ee583bA9Ba04658381310C19C2a1B62b1,0,0.004839339109198062
844,0xb9b7Db94D57fe25907620eAae42b9780176CceeA,0,0
845,0xe5cFe750d87dc62D9EBB5FfBd286307Ef2C3D67e,0,0
846,0xf49Caa0bd91EbC36531f5099E244AbFCb2C8CB42,0,0
847,0x10b57e68AAcADE7280A6A46575B63E51e275CE50,0,0
848,0x5660C85c9F83f51686AE2F96b0520685CDd72AA6,0,0
849,0x8aa0CB1f9682A62bc7DfB45a35521A3FB96F1615,0,0
850,0x4d6fC855922b5e6b225546e7c2b145923F83C4A0,0,0
851,0xEC3489c56763D9193b9E56c6D144b7d02013d590,0,0
852,0x31d71C9F00C4cE70aE78069a3306ac38E263Cbe0,0,0
853,0xda51A9b56d69A194083025eAc9c4c24452848e01,0,0
854,0x5F162612b6Efa5684734F0983B9e6173e48F90f2,0.000489161772880248,0
855,0xc8dDbbd6a6B846c1753290B62E18F9F51c6fBb53,0,0
856,0x44a4e753a7eD24B9690737E6625B4C72Ad22aE70,0,0
857,0xfD8bD978f198503a0BA9C5D7f7586E23fC4A4b40,0.206081944235642436,11.236216157588401408
858,0xeb48CFe163d7E07804CBdEA15D5ee5205bCCDb74,0,0
859,0x46679587281C67ae9AD977c8d84A6b8a96a7CEC9,0,0
860,0x8aa0CB1f9682A62bc7DfB45a35521A3FB96F1615,0,0
861,0x990F7A79e5Bc29e5863865d39262F755F6C9412a,0,0
862,0x7b73cd1e51cea643BC201c0c3599B596Fc8cc736,0,0
863,0x09a098AEbb8454a60Cf3d6E6cBe5C8E6d7A25634,0,0
864,0x2DC820eb42fCFa3Bb36f9508037Dba8Ae82e0960,0,0
865,0xe5cFe750d87dc62D9EBB5FfBd286307Ef2C3D67e,0,0
866,0x1137931a5a252860e1308bAdc923Bc22cb3E2318,0,0
867,0x72baFC1751A21c72C501dFC865065a98FC42d6Ca,0,0
868,0x818FFD5Abc3D80dc5e35c0c8b0623133b1B91Bbe,0,0
869,0x873525B1B479431Bd713D59897218bfDC341c0Cf,0,0
870,0x889cE9c13dbD3C5DFBE6327432F5DD15bEDD206e,0,0.097033033354469094
871,0x231826757Fc82dD458475Da1144e7C0fbb69f4BC,0,0
872,0x73C59bB67775520E2783258cED7C50E4890b1E91,0,0
873,0x39e1C6A9517EB4709B4DB48f49C7d8321DA1AF5A,0,0
874,0x4Bb7fba588B4254536DE4316e8FB346bbe275EcB,0,0
875,0xA9481b01D807d41cDB4Bb3E6520Da9719CF09Ce9,0,0
876,0x5C5F81454d78bb96c82209d048406D592ABD3674,0,0
877,0x889cE9c13dbD3C5DFBE6327432F5DD15bEDD206e,0,0.097033033354469094
878,0x4d6fC855922b5e6b225546e7c2b145923F83C4A0,0,0
879,0x231826757Fc82dD458475Da1144e7C0fbb69f4BC,0,0
880,0x4679bEB32E248aCA2D287230C255b26fb81Ed607,0,0
881,0x73Eb240a06f0e0747C698A219462059be6AacCc8,0,0
882,0xcD14610e6Ab9bDF20C674B1D6b47C4E4f4C641d8,0,0
883,0xd87EcC6C74F486B044824a222326A96F696fCfA2,0,0
884,0x533E6433226351918AA3A8BDd51443110675b09F,0,0
885,0xa8b4C7F8B3d91b324F815252da74884E68FB4C4C,0,0
886,0xa1311Ea7909584Fe6971856AeFe0087C76C803A0,0,0
887,0x793a4Cd73fEf2561c7762dc53eB89c68c30210a9,0,0
888,0xc8dDbbd6a6B846c1753290B62E18F9F51c6fBb53,0,0
889,0xE6599B2e61e550685bc83138bBDCF7CAa718E7ce,0,0
890,0x8aa0CB1f9682A62bc7DfB45a35521A3FB96F1615,0,0
891,0x2AA0E6138bCE660A85682eBFF138Ca72Bdd91e1A,0,0
892,0x873525B1B479431Bd713D59897218bfDC341c0Cf,0,0
893,0x4Bb7fba588B4254536DE4316e8FB346bbe275EcB,0,0
894,0xA0AA45c41dd92A3AE0FCA91F3af3C14A8d9343bD,0,0
895,0xA0AA45c41dd92A3AE0FCA91F3af3C14A8d9343bD,0,0
896,0xeEB203F58ef324201Ac7f7e66376aA722608791C,0,0
897,0xAdE9e51C9E23d64E538A7A38656B78aB6Bcc349e,0,0
898,0x5C1E6bA712e9FC3399Ee7d5824B6Ec68A0363C02,0,0
899,0x990F7A79e5Bc29e5863865d39262F755F6C9412a,0,0
900,0x450C4CcF897c23136c230d33a1d42C2037815CCC,0,0
901,0x670FBcd11fD54908cabE97384F0D2785d369DCD5,0,0
902,0x8aa0CB1f9682A62bc7DfB45a35521A3FB96F1615,0,0
903,0x670FBcd11fD54908cabE97384F0D2785d369DCD5,0,0
904,0x670FBcd11fD54908cabE97384F0D2785d369DCD5,0,0
905,0x514E494c86F9249CfDc0e072f71f71a97cf33e65,0,0
906,0xe057E6386047C690f6D2804Ecd61E68441774bBc,0,0
907,0xAdE9e51C9E23d64E538A7A38656B78aB6Bcc349e,0,0
908,0xD58DCd4594087c2758717A59f44A5Ac09DB65105,0,0
909,0x8625AfdbF3744D433D850c681Ba881d028253c8A,0,0
910,0x11675FF5700d034934Bfc42d9AF5D961ab287b41,0,0
911,0x83a59Ce2eF545c019e77c542552eC0f0f58402B6,0,0
912,0x69d08A457b0ff73291e0cb741cb863825561F616,0,0.096843788627399573
913,0x36bFF079a4532C2F818a65c6ad208cEA587417e7,0,0
914,0x1137931a5a252860e1308bAdc923Bc22cb3E2318,0,0
915,0xDd5FdAe3934E1B70959F73306429db9acED61F08,0,0
916,0xa44d7564A47067EDF7838eF5C91E8C3fb8fBD6E1,0,0
917,0xBe6711899416B144405dC11EF71F4533a0C3D7f0,0,0
918,0x83f6fe95067E24AF601b1B822430c72C0098d208,0,0
919,0xcC15FF83C340201E2F8a8c6cb1b6393d82B87Dd0,0,0
920,0x37d0371D17e5E587B236504515A4bAabC08da619,0,0
921,0x0E07D202984A878333DA0546a45B4fE0BEe95960,0,0
922,0x6260DC6bdCB72c7bCf3b31D51De7b7a1F585EcC4,0,0
923,0x0B3492Cb3cE07Cd3d04Ed6d41E40687b688B7A7b,2.5,0
924,0xa40eb69D2ADBD34Ea73ea1Dfd049F825e8216Eb0,0,0
925,0x889cE9c13dbD3C5DFBE6327432F5DD15bEDD206e,0,0.097033033354469094
926,0x844850092711B0ebBB75f6FA8B65561d4811D61d,0,0
927,0x41b289C60F14230944e3f88Dc11d7E127F7Fba40,0,0
928,0xA9481b01D807d41cDB4Bb3E6520Da9719CF09Ce9,0,0
929,0x0B3492Cb3cE07Cd3d04Ed6d41E40687b688B7A7b,2.5,0
930,0x4f84b89f64Cd6B46A9184bDe358f9069C7D4319A,0,0
931,0xA0AA45c41dd92A3AE0FCA91F3af3C14A8d9343bD,0,0
932,0x7338afb07db145220849B04A45243956f20B14d9,0,0
933,0x73Eb240a06f0e0747C698A219462059be6AacCc8,0,0
934,0x7338afb07db145220849B04A45243956f20B14d9,0,0
935,0xAB51Bc7aa8636328E91bCC1B6bf701998fD3C581,0,0
936,0xe057E6386047C690f6D2804Ecd61E68441774bBc,0,0
937,0x2DC820eb42fCFa3Bb36f9508037Dba8Ae82e0960,0,0
938,0xD2e1BdD5Fb6177Ca4ab9f31f3442c0aadE020F71,0,0
939,0x9E43b71D2483dff3ED2a369D92a13146C836b100,0,0
940,0x889cE9c13dbD3C5DFBE6327432F5DD15bEDD206e,0,0.097033033354469094
941,0x83a59Ce2eF545c019e77c542552eC0f0f58402B6,0,0
942,0x670FBcd11fD54908cabE97384F0D2785d369DCD5,0,0
943,0xB424deAA20934B71BAB90c4fa6338702bdd65235,0,0
944,0x83a59Ce2eF545c019e77c542552eC0f0f58402B6,0,0
945,0xF433771bE52fe3B915b5c3840Ffe9A55425766E3,0,0
946,0xa8b4C7F8B3d91b324F815252da74884E68FB4C4C,0,0
947,0xf9E0F77Ee583bA9Ba04658381310C19C2a1B62b1,0,0.004839339109198062
948,0x483e05E875b3962Dc69E74092C13b97b1F5E7a56,0,0
949,0xA0AA45c41dd92A3AE0FCA91F3af3C14A8d9343bD,0,0
950,0xA0AA45c41dd92A3AE0FCA91F3af3C14A8d9343bD,0,0
951,0x670FBcd11fD54908cabE97384F0D2785d369DCD5,0,0
952,0x83999F0F1cCDeC683778C4769b1d8Ec8a2020dc3,0,0
953,0x670FBcd11fD54908cabE97384F0D2785d369DCD5,0,0
954,0x8cdDEb3f2D0b56a2e2Dd36Bfe27f55B1630B647F,0,0
955,0xF3200849aC675CF41E47e70B744AD38F64eE06de,0,0
956,0x47DEe47e2B82f6c80dA6aC8f40ECA906C1a27A13,0,0
957,0x99C59A1d27329751984e84FD61e2A7f5A7B0C25B,0,0
958,0x1137931a5a252860e1308bAdc923Bc22cb3E2318,0,0
959,0xAc37Ccb7ae873555eb01C74CB713D40d1Bec7F45,0,0
960,0x8aa0CB1f9682A62bc7DfB45a35521A3FB96F1615,0,0
961,0xd859CbAD6f4fbEac118c5f4CBf47ED21215f0C9F,0,0
962,0xA9481b01D807d41cDB4Bb3E6520Da9719CF09Ce9,0,0
963,0x3c5c884D512a4513c9C7440be3c2533175178a09,0,0
964,0xd87EcC6C74F486B044824a222326A96F696fCfA2,0,0
965,0xf9E0F77Ee583bA9Ba04658381310C19C2a1B62b1,0,0.004839339109198062
966,0xa669070D106E96CC2390523E9745B425a1b3a0E0,2.5,0
967,0x16668854dD35B25D3b219Db372cB256Eb9898b98,0,0
968,0x7b73cd1e51cea643BC201c0c3599B596Fc8cc736,0,0
969,0x8625AfdbF3744D433D850c681Ba881d028253c8A,0,0
970,0xE88938FB9EdCDcd88F822723E72f3781bFdd7a25,0,0
971,0x14E61826f2C41552E9C6E6D7FD03b197fBb7A9b4,0,0
972,0x670FBcd11fD54908cabE97384F0D2785d369DCD5,0,0
973,0x3143F55392276526B153A5CF444D33B8e5DC99Dc,0,0
974,0x670FBcd11fD54908cabE97384F0D2785d369DCD5,0,0
975,0x670FBcd11fD54908cabE97384F0D2785d369DCD5,0,0
976,0x9a0145D1B1b17293e7F722f80757D2b6489f0a4c,0,0
977,0x670FBcd11fD54908cabE97384F0D2785d369DCD5,0,0
978,0x14E61826f2C41552E9C6E6D7FD03b197fBb7A9b4,0,0
979,0x9E8C646220613d68eaf2B947f46c2B4F52Bf3f45,0,0
980,0xa1311Ea7909584Fe6971856AeFe0087C76C803A0,0,0
981,0xf2C929C22d491c2A2C4EC92EC6C2c11e6B861428,0,0
982,0xF283f0Df303695b7A47E6116D85b25331f27e2Aa,0,0
983,0x16a7c3C15df7aD6A8F1B4C33420cA57C156c67Cc,0,0
984,0x84afb4B60844F8759154d6Ff7B0580Daa2D4e37d,0,0
985,0xA0048fBC1d1490E51Eb19176690A6c8AE6ED7B11,0,0
986,0x127E95DA781c0B04ec522574aBd0a758481D088F,0,0
987,0xb9b7Db94D57fe25907620eAae42b9780176CceeA,0,0
988,0xa2917120C698fb5F2A03e3fD3524bdA85a3eaEF6,0,0
989,0xb888f9f40F6007C06681306bba976F5e25691E1b,0,0
990,0x4F386765BfD52aB4C428028078D5D2c939A4Ae65,0,0
991,0x8625AfdbF3744D433D850c681Ba881d028253c8A,0,0
992,0xA32612536598a9CB6b67C64b2FdC1BE9d2080b3f,0,0
993,0x989225f2F9bA272aDbce6d579232C4113ee998D8,0,0
994,0x0a148AB4952486f99619b05f221548a8C9b0dE9f,0,0
995,0xa8b4C7F8B3d91b324F815252da74884E68FB4C4C,0,0
996,0x7338afb07db145220849B04A45243956f20B14d9,0,0
997,0xF9809ce9761FfABE887C4758E045a6a21e627dBc,0,0
998,0xdB47410C0C6B7a21Ed353599B3a297d24218d01c,0,0
999,0x98f836eFC35E5651DF2a39C707c57d9c6b081a21,0,0
1000,0x3d5AD53df00967702B4f5135f360c1c3DB433579,0,0
1001,0xf69EA6646cf682262E84cd7c67133eac59cef07b,0,0
1002,0xCEB775D4b09C2FBA2fe51eFCab6E39a7dA1528c3,0,0
1003,0x00f91504046cB47D24b7ac9EE6Ae8f407BdCa65f,0,0
1004,0x36bFF079a4532C2F818a65c6ad208cEA587417e7,0,0
1005,0xA0AA45c41dd92A3AE0FCA91F3af3C14A8d9343bD,0,0
1006,0x11DbEB0461523Bd45eFFe94E294b3adAF9012232,0,0
1007,0xA60E9090Ac0553a199671A4b9067B7814385228F,0,0
1008,0x0F45156F109e474295913D78036FA213b1745D5A,0,0
1009,0x4CC25E0366c564847546f2feda3D7f0D9155B9ac,0,0
1010,0xA32612536598a9CB6b67C64b2FdC1BE9d2080b3f,0,0
1011,0xda51A9b56d69A194083025eAc9c4c24452848e01,0,0
1012,0xa669070D106E96CC2390523E9745B425a1b3a0E0,2.5,0
1013,0x4b755Da65B020e184Ba0a474c0fB3bf4B4406792,0,0
1014,0x7b73cd1e51cea643BC201c0c3599B596Fc8cc736,0,0
1015,0xA0AA45c41dd92A3AE0FCA91F3af3C14A8d9343bD,0,0
1016,0x889cE9c13dbD3C5DFBE6327432F5DD15bEDD206e,0,0.097033033354469094
1017,0x4679bEB32E248aCA2D287230C255b26fb81Ed607,0,0
1018,0xEee7D012C1829ce8f9553b3B3B9500682671197a,0,0
1019,0xa40eb69D2ADBD34Ea73ea1Dfd049F825e8216Eb0,0,0
1020,0x6260DC6bdCB72c7bCf3b31D51De7b7a1F585EcC4,0,0
1021,0x8aa0CB1f9682A62bc7DfB45a35521A3FB96F1615,0,0
1022,0xa8b4C7F8B3d91b324F815252da74884E68FB4C4C,0,0
1023,0xcC15FF83C340201E2F8a8c6cb1b6393d82B87Dd0,0,0
1024,0xa8b4C7F8B3d91b324F815252da74884E68FB4C4C,0,0
1025,0xf9E0F77Ee583bA9Ba04658381310C19C2a1B62b1,0,0.004839339109198062
1026,0x9c768177521C9A832B0f8567265ef02E89D0282e,0,0
1027,0x83a59Ce2eF545c019e77c542552eC0f0f58402B6,0,0
1028,0x8aa0CB1f9682A62bc7DfB45a35521A3FB96F1615,0,0
1029,0xEd586dC568ad7f87A7f84C53Fe91969c10576230,0,0
1030,0xEFCEfBc4a9CbBE12b197612a6331bBd25b6DADF7,0,0
1031,0x83a59Ce2eF545c019e77c542552eC0f0f58402B6,0,0
1032,0xbfCe71b736968c20d58397F5D4eaB86299DC7eBC,0,0
1033,0x29D5cE94785f8D063f2dE28a70Dc4a82E40e662D,0,0
1034,0x75E70dB620d5491f69526E22355236f65B46834E,0,0
1035,0x7338afb07db145220849B04A45243956f20B14d9,0,0
1036,0xA0AA45c41dd92A3AE0FCA91F3af3C14A8d9343bD,0,0
1037,0x73Eb240a06f0e0747C698A219462059be6AacCc8,0,0
1038,0xA9481b01D807d41cDB4Bb3E6520Da9719CF09Ce9,0,0
1039,0xA0AA45c41dd92A3AE0FCA91F3af3C14A8d9343bD,0,0
1040,0xA0AA45c41dd92A3AE0FCA91F3af3C14A8d9343bD,0,0
1041,0x7338afb07db145220849B04A45243956f20B14d9,0,0
1042,0x36bFF079a4532C2F818a65c6ad208cEA587417e7,0,0
1043,0x8aa0CB1f9682A62bc7DfB45a35521A3FB96F1615,0,0
1044,0x6Cc1a726e7f9F3BC5046ad7225a7F5A7280A9415,0,0.010644379227047266
1045,0x4bE4722a2aC728B35fd03ef5EeFDd82FAE98f2d5,0,0
1046,0x61ABf360FEe2b472b8E6dCD94215120259A95Dd7,0,0
1047,0x0e4206b4118703740a14CBeddEA58DD60FbDA0AF,0,0
1048,0xda51A9b56d69A194083025eAc9c4c24452848e01,0,0
1049,0x4679bEB32E248aCA2D287230C255b26fb81Ed607,0,0
1050,0x888cE3959812D1bc4D5272bd88b6ad41192eAb40,0,0
1051,0x6b9E4F287d44cEa39Cd8CcEDAA42488617AA21A7,0,0
1052,0xf2C929C22d491c2A2C4EC92EC6C2c11e6B861428,0,0
1053,0x14b1b3fF91525Dd00E8fb8Ce000097ce7d1Cb251,0,0
1054,0x2A1049062c6Cfd69bd38fbaf3b0559DF1DBbc92c,0,0
1055,0xdDE05dA1122494C9aF1694B377aDbB43B47582C9,0,0
1056,0x07a1f6fc89223c5ebD4e4ddaE89Ac97629856A0f,0,0
1057,0xcD14610e6Ab9bDF20C674B1D6b47C4E4f4C641d8,0,0
1058,0xf9E0F77Ee583bA9Ba04658381310C19C2a1B62b1,0,0.004839339109198062
1059,0x4CC25E0366c564847546f2feda3D7f0D9155B9ac,0,0
1060,0x00f7e22573efD17b62506D0DC09f57095c244de7,0,0
1061,0xcC15FF83C340201E2F8a8c6cb1b6393d82B87Dd0,0,0
1062,0xe6882e6093a69c47FC21426c2DFdB4A08eB2dEC8,0,0
1063,0x99c3f30Bbc9137F6E917B03C74aEd8a4309B3E1b,0,0
1064,0xc7e6DA4D1373BABa0033A9799470b3B4900f338C,0,0
1065,0x52Ae43Aa7Da632Aa49d1128e12549edE6137F8e2,0,0
1066,0xB1e22281E1BC8Ab83Da1CB138e24aCB004B5a4ca,0,0
1067,0xf483Deb3e35bb923e7571d41d0d1A38803a61B29,0,0
1068,0x2E300b3B969a5021b2CB734b11129E4e0c7BF728,0,0
1069,0xa8b4C7F8B3d91b324F815252da74884E68FB4C4C,0,0
1070,0x2A1049062c6Cfd69bd38fbaf3b0559DF1DBbc92c,0,0
1071,0xd8A7A2b86F5FE23eCBaceB3F807B8ff033136a53,0,0
1072,0x86D9Dc0fc8BC5aD48373eEefAFF4826a081DB114,0,0
1073,0x4CC25E0366c564847546f2feda3D7f0D9155B9ac,0,0
1074,0x9E8C646220613d68eaf2B947f46c2B4F52Bf3f45,0,0
1075,0xaF184b4cBc73A9Ca2F51c4a4d80eD67a2578E9F4,0,0
1076,0x1ED939Ef096bAb6d68657Ea9c1fDF534eAd267d6,0,0
1077,0xd0A9c2A0fD3930E7972F2bdeA8dB1649aE167170,0,0
1078,0x3102c0c970ea9028b6E2abCE8bd4832d623A9d4C,0,0
1079,0xBc8819C1821Bc52b5d30D2Dd52F0Cb6110510005,0,0
1080,0xA9481b01D807d41cDB4Bb3E6520Da9719CF09Ce9,0,0
1081,0xEdaac252dD2D9A85322404dF6156BBCec82bc411,0,0
1082,0xf9E0F77Ee583bA9Ba04658381310C19C2a1B62b1,0,0.004839339109198062
1083,0x8061199A31983A077E691C08B2263a4CF5c24093,0,0
1084,0x83a59Ce2eF545c019e77c542552eC0f0f58402B6,0,0
1085,0x00cB4b22FB93A1C1a5aF6ccdaE723aC04413dA2c,0,0
1086,0xa04275c10f39E8675a34e147E2EF78d35129f2b6,0,0
1087,0x24D27B448758eed485BfFEBCaC5c571274603EDa,0,0
1088,0x4dAf8ce9D729ca4F121381ec4B22123627C1C004,0,0
1089,0x86D9Dc0fc8BC5aD48373eEefAFF4826a081DB114,0,0
1090,0xb1c6bCd66322E1d21aC1Bd71FFc6b570A1E67b80,0,0
1091,0xda51A9b56d69A194083025eAc9c4c24452848e01,0,0
1092,0xda51A9b56d69A194083025eAc9c4c24452848e01,0,0
1093,0xE32870C0c1207799e458bECbca6Ed6f4E938D9A7,0,0
1094,0xDbe9Fe36b710D1EE3f80C0dcA9EeF065619b9623,0,0
1095,0x0e4206b4118703740a14CBeddEA58DD60FbDA0AF,0,0
1096,0xd54C2dCB90071bFdCf73Df941d46eE6b99a28AE6,0,0
1097,0x5d5c3b3B27f1Ec10602A2EfE2A2c5228FEB902F2,0,0
1098,0x42f7bC2A19ee9DEa55240b265d030EA21e641181,0,0
1099,0xA0AA45c41dd92A3AE0FCA91F3af3C14A8d9343bD,0,0
1100,0xfC4B2a62A06cb2E1C6A743E9aE327Bb16977E4c1,0,5.004125254742059352
1101,0xA0AA45c41dd92A3AE0FCA91F3af3C14A8d9343bD,0,0
1102,0x3b0F3304238FAB7259e907fcF1D26d61640a5a3D,0,0
1103,0x6aA615f8dF23F10603653769E19bF37458EC50d4,0,0
1104,0xA0AA45c41dd92A3AE0FCA91F3af3C14A8d9343bD,0,0
1105,0xD28a4c5B3685e5948d8A57f124669eafB69F05Bb,0,0
1106,0xB59dEe30d1587a6e9BA98cCBE9aa50b63fd3DF26,0,0
1107,0x3A28AFB20EbB049541d553075a3ac54E18034aba,0,0
1108,0x73Eb240a06f0e0747C698A219462059be6AacCc8,0,0
1109,0xBa03Ba802059269F7Edc976F008D2e8EaA7EdD9f,0,0
1110,0x2E300b3B969a5021b2CB734b11129E4e0c7BF728,0,0
